"STATION","NAME","DATE","PRCP","TAVG","TMAX","TMIN"
"UKM00003502","ABERPORTH, UK","2020-01-01",,"43",,
"UKM00003502","ABERPORTH, UK","2020-01-02",,"48",,"41"
"UKM00003502","ABERPORTH, UK","2020-01-03","0.13","46",,"44"
"UKM00003502","ABERPORTH, UK","2020-01-04","0.00","45",,
"UKM00003502","ABERPORTH, UK","2020-01-05","0.06","45",,"42"
"UKM00003502","ABERPORTH, UK","2020-01-06","0.02","47",,"44"
"UKM00003502","ABERPORTH, UK","2020-01-07","0.20","50",,"43"
"UKM00003502","ABERPORTH, UK","2020-01-08","0.00","47",,
"UKM00003502","ABERPORTH, UK","2020-01-09","0.64","45",,
"UKM00003502","ABERPORTH, UK","2020-01-10","0.01","44",,"42"
"UKM00003502","ABERPORTH, UK","2020-01-11","0.00","49","51","43"
"UKM00003502","ABERPORTH, UK","2020-01-12","0.34","45",,
"UKM00003502","ABERPORTH, UK","2020-01-13","0.16","44",,"40"
"UKM00003502","ABERPORTH, UK","2020-01-14","0.39","45",,"42"
"UKM00003502","ABERPORTH, UK","2020-01-15","0.39","43",,"41"
"UKM00003502","ABERPORTH, UK","2020-01-16","0.11","47",,"41"
"UKM00003502","ABERPORTH, UK","2020-01-17","0.57","43",,
"UKM00003502","ABERPORTH, UK","2020-01-18","0.29","42",,
"UKM00003502","ABERPORTH, UK","2020-01-19","0.00","40",,
"UKM00003502","ABERPORTH, UK","2020-01-20",,"38",,"33"
"UKM00003502","ABERPORTH, UK","2020-01-21",,"43",,"36"
"UKM00003502","ABERPORTH, UK","2020-01-22","0.05","45",,
"UKM00003502","ABERPORTH, UK","2020-01-23","0.01","42",,"40"
"UKM00003502","ABERPORTH, UK","2020-01-24","0.02","41",,"37"
"UKM00003502","ABERPORTH, UK","2020-01-25","0.01","42",,"40"
"UKM00003502","ABERPORTH, UK","2020-01-26","0.05","45","48",
"UKM00003502","ABERPORTH, UK","2020-01-27","0.35","41","45","37"
"UKM00003502","ABERPORTH, UK","2020-01-28","0.20","41",,"37"
"UKM00003502","ABERPORTH, UK","2020-01-29","0.00","45",,"41"
"UKM00003502","ABERPORTH, UK","2020-01-30",,"48",,"45"
"UKM00003502","ABERPORTH, UK","2020-01-31",,"49",,"47"
"UKM00003502","ABERPORTH, UK","2020-02-01",,"47",,
"UKM00003502","ABERPORTH, UK","2020-02-02","0.18","48",,"42"
"UKM00003502","ABERPORTH, UK","2020-02-03","0.00","46",,
"UKM00003502","ABERPORTH, UK","2020-02-04",,"44",,"42"
"UKM00003502","ABERPORTH, UK","2020-02-05","0.00","42",,
"UKM00003502","ABERPORTH, UK","2020-02-06",,"40",,
"UKM00003502","ABERPORTH, UK","2020-02-07",,"43",,"36"
"UKM00003502","ABERPORTH, UK","2020-02-08","0.06","45",,
"UKM00003502","ABERPORTH, UK","2020-02-09","0.43","50",,"46"
"UKM00003502","ABERPORTH, UK","2020-02-10","0.31","42",,
"UKM00003502","ABERPORTH, UK","2020-02-11","0.09","40",,"39"
"UKM00003502","ABERPORTH, UK","2020-02-12","0.01","41",,"40"
"UKM00003502","ABERPORTH, UK","2020-02-13","0.54","43",,"40"
"UKM00003502","ABERPORTH, UK","2020-02-14","0.05","46",,"38"
"UKM00003502","ABERPORTH, UK","2020-02-15","0.19","49",,"44"
"UKM00003502","ABERPORTH, UK","2020-02-16","1.48","45",,
"UKM00003502","ABERPORTH, UK","2020-02-17","0.12","44",,"39"
"UKM00003502","ABERPORTH, UK","2020-02-18","0.01","44",,"41"
"UKM00003502","ABERPORTH, UK","2020-02-19","0.06","45",,"41"
"UKM00003502","ABERPORTH, UK","2020-02-20","0.17","44",,
"UKM00003502","ABERPORTH, UK","2020-02-21","0.25","46",,"41"
"UKM00003502","ABERPORTH, UK","2020-02-22","0.21","48",,
"UKM00003502","ABERPORTH, UK","2020-02-23","0.24","46",,
"UKM00003502","ABERPORTH, UK","2020-02-24","0.10","47",,"39"
"UKM00003502","ABERPORTH, UK","2020-02-25","0.41","41",,
"UKM00003502","ABERPORTH, UK","2020-02-26","0.01","40",,"36"
"UKM00003502","ABERPORTH, UK","2020-02-27","0.20","39",,
"UKM00003502","ABERPORTH, UK","2020-02-28","0.02","45",,"36"
"UKM00003502","ABERPORTH, UK","2020-02-29","0.76","43",,
"UKM00003502","ABERPORTH, UK","2020-03-01","0.03","42",,
"UKM00003502","ABERPORTH, UK","2020-03-02","0.00","41",,"36"
"UKM00003502","ABERPORTH, UK","2020-03-03",,"42",,
"UKM00003502","ABERPORTH, UK","2020-03-04",,"41",,"37"
"UKM00003502","ABERPORTH, UK","2020-03-05",,"40",,
"UKM00003502","ABERPORTH, UK","2020-03-06","0.01","40",,"33"
"UKM00003502","ABERPORTH, UK","2020-03-07","0.02","48",,"39"
"UKM00003502","ABERPORTH, UK","2020-03-08","0.39","46",,"44"
"UKM00003502","ABERPORTH, UK","2020-03-09","0.01","46",,"43"
"UKM00003502","ABERPORTH, UK","2020-03-10","0.39","50",,
"UKM00003502","ABERPORTH, UK","2020-03-11","0.01","47",,
"UKM00003502","ABERPORTH, UK","2020-03-12","0.01","43",,"37"
"UKM00003502","ABERPORTH, UK","2020-03-13","0.04","44",,
"UKM00003502","ABERPORTH, UK","2020-03-14","0.03","47",,"42"
"UKM00003502","ABERPORTH, UK","2020-03-15","0.46","45",,
"UKM00003502","ABERPORTH, UK","2020-03-16","0.03","44",,
"UKM00003502","ABERPORTH, UK","2020-03-17","0.07","49",,"45"
"UKM00003502","ABERPORTH, UK","2020-03-18","0.21","44",,
"UKM00003502","ABERPORTH, UK","2020-03-19","0.14","42",,
"UKM00003502","ABERPORTH, UK","2020-03-20","0.02","43",,"39"
"UKM00003502","ABERPORTH, UK","2020-03-21","0.00","43",,
"UKM00003502","ABERPORTH, UK","2020-03-22","0.00","42",,"36"
"UKM00003502","ABERPORTH, UK","2020-03-23",,"45",,"37"
"UKM00003502","ABERPORTH, UK","2020-03-24",,"48",,"39"
"UKM00003502","ABERPORTH, UK","2020-03-25",,"49",,"41"
"UKM00003502","ABERPORTH, UK","2020-03-26",,"46",,"39"
"UKM00003502","ABERPORTH, UK","2020-03-27",,"45",,"38"
"UKM00003502","ABERPORTH, UK","2020-03-28",,"44",,"37"
"UKM00003502","ABERPORTH, UK","2020-03-29",,"41",,"38"
"UKM00003502","ABERPORTH, UK","2020-03-30",,"44",,"38"
"UKM00003502","ABERPORTH, UK","2020-03-31",,"44",,"40"
"UKM00003502","ABERPORTH, UK","2020-04-01",,"44",,"40"
"UKM00003502","ABERPORTH, UK","2020-04-02",,"47",,"43"
"UKM00003502","ABERPORTH, UK","2020-04-03","0.02","47",,
"UKM00003502","ABERPORTH, UK","2020-04-04","0.00","49",,"41"
"UKM00003502","ABERPORTH, UK","2020-04-05",,"56",,"47"
"UKM00003502","ABERPORTH, UK","2020-04-06","0.14","48",,
"UKM00003502","ABERPORTH, UK","2020-04-07","0.00","49",,"38"
"UKM00003502","ABERPORTH, UK","2020-04-08",,"53",,"46"
"UKM00003502","ABERPORTH, UK","2020-04-09",,"58",,"47"
"UKM00003502","ABERPORTH, UK","2020-04-10",,"61",,
"UKM00003502","ABERPORTH, UK","2020-04-11",,"57",,"51"
"UKM00003502","ABERPORTH, UK","2020-04-12",,"51",,
"UKM00003502","ABERPORTH, UK","2020-04-13",,"48",,
"UKM00003502","ABERPORTH, UK","2020-04-14",,"42",,"34"
"UKM00003502","ABERPORTH, UK","2020-04-15",,"47",,"36"
"UKM00003502","ABERPORTH, UK","2020-04-16",,"57",,"46"
"UKM00003502","ABERPORTH, UK","2020-04-17",,"53",,
"UKM00003502","ABERPORTH, UK","2020-04-18","0.10","48",,"44"
"UKM00003502","ABERPORTH, UK","2020-04-19","0.00","51",,"48"
"UKM00003502","ABERPORTH, UK","2020-04-20",,"51",,"40"
"UKM00003502","ABERPORTH, UK","2020-04-21",,"53",,"44"
"UKM00003502","ABERPORTH, UK","2020-04-22",,"53",,"44"
"UKM00003502","ABERPORTH, UK","2020-04-23",,"54",,"45"
"UKM00003502","ABERPORTH, UK","2020-04-24",,"56",,"50"
"UKM00003502","ABERPORTH, UK","2020-04-25",,"53",,
"UKM00003502","ABERPORTH, UK","2020-04-26",,"49",,"46"
"UKM00003502","ABERPORTH, UK","2020-04-27",,"48",,"46"
"UKM00003502","ABERPORTH, UK","2020-04-28","0.03","47",,
"UKM00003502","ABERPORTH, UK","2020-04-29","0.16","46",,"39"
"UKM00003502","ABERPORTH, UK","2020-04-30","0.39","46",,"42"
"UKM00003502","ABERPORTH, UK","2020-05-01","0.09","48",,
"UKM00003502","ABERPORTH, UK","2020-05-02","0.01","48",,"45"
"UKM00003502","ABERPORTH, UK","2020-05-03","0.06","50",,"46"
"UKM00003502","ABERPORTH, UK","2020-05-04","0.00","53",,"46"
"UKM00003502","ABERPORTH, UK","2020-05-05",,"54",,"44"
"UKM00003502","ABERPORTH, UK","2020-05-06",,"53",,"44"
"UKM00003502","ABERPORTH, UK","2020-05-07",,"55",,"48"
"UKM00003502","ABERPORTH, UK","2020-05-08",,"55",,"50"
"UKM00003502","ABERPORTH, UK","2020-05-09",,"58",,"50"
"UKM00003502","ABERPORTH, UK","2020-05-10",,"52",,
"UKM00003502","ABERPORTH, UK","2020-05-11",,"45",,"39"
"UKM00003502","ABERPORTH, UK","2020-05-12",,"45",,"36"
"UKM00003502","ABERPORTH, UK","2020-05-13",,"50",,
"UKM00003502","ABERPORTH, UK","2020-05-14",,"46",,"36"
"UKM00003502","ABERPORTH, UK","2020-05-15",,"49",,"44"
"UKM00003502","ABERPORTH, UK","2020-05-16",,"50",,"44"
"UKM00003502","ABERPORTH, UK","2020-05-17",,"52",,"44"
"UKM00003502","ABERPORTH, UK","2020-05-18",,"54",,"50"
"UKM00003502","ABERPORTH, UK","2020-05-19","0.01","55",,
"UKM00003502","ABERPORTH, UK","2020-05-20","0.00","59",,"47"
"UKM00003502","ABERPORTH, UK","2020-05-21",,"58",,"50"
"UKM00003502","ABERPORTH, UK","2020-05-22","0.21","55",,
"UKM00003502","ABERPORTH, UK","2020-05-23","0.01","53",,"49"
"UKM00003502","ABERPORTH, UK","2020-05-24","0.00","54",,
"UKM00003502","ABERPORTH, UK","2020-05-25",,"54",,"43"
"UKM00003502","ABERPORTH, UK","2020-05-26",,"54",,"51"
"UKM00003502","ABERPORTH, UK","2020-05-27",,"58",,"48"
"UKM00003502","ABERPORTH, UK","2020-05-28",,"64",,"57"
"UKM00003502","ABERPORTH, UK","2020-05-29",,"65",,"54"
"UKM00003502","ABERPORTH, UK","2020-05-30",,"65",,"56"
"UKM00003502","ABERPORTH, UK","2020-05-31",,"68",,"57"
"UKM00003502","ABERPORTH, UK","2020-06-01",,"61",,"56"
"UKM00003502","ABERPORTH, UK","2020-06-02",,"61",,"54"
"UKM00003502","ABERPORTH, UK","2020-06-03","0.03","54",,
"UKM00003502","ABERPORTH, UK","2020-06-04","0.02","52",,"49"
"UKM00003502","ABERPORTH, UK","2020-06-05","0.00","51",,
"UKM00003502","ABERPORTH, UK","2020-06-06","0.02","49",,"44"
"UKM00003502","ABERPORTH, UK","2020-06-07","0.07","52",,"50"
"UKM00003502","ABERPORTH, UK","2020-06-08","0.00","52",,
"UKM00003502","ABERPORTH, UK","2020-06-09",,"52",,"45"
"UKM00003502","ABERPORTH, UK","2020-06-10","0.01","53",,"49"
"UKM00003502","ABERPORTH, UK","2020-06-11","2.04","55",,"49"
"UKM00003502","ABERPORTH, UK","2020-06-12","0.00","58",,"53"
"UKM00003502","ABERPORTH, UK","2020-06-13","0.03","61",,"54"
"UKM00003502","ABERPORTH, UK","2020-06-14","0.14","58",,"54"
"UKM00003502","ABERPORTH, UK","2020-06-15","0.02","56",,"51"
"UKM00003502","ABERPORTH, UK","2020-06-16","0.00","57",,"53"
"UKM00003502","ABERPORTH, UK","2020-06-17","0.10","55",,"54"
"UKM00003502","ABERPORTH, UK","2020-06-18","0.02","55",,"54"
"UKM00003502","ABERPORTH, UK","2020-06-19","0.98","55",,
"UKM00003502","ABERPORTH, UK","2020-06-20","0.06","57",,"50"
"UKM00003502","ABERPORTH, UK","2020-06-21","0.36","57",,
"UKM00003502","ABERPORTH, UK","2020-06-22","0.08","57",,"49"
"UKM00003502","ABERPORTH, UK","2020-06-23","0.05","62",,"56"
"UKM00003502","ABERPORTH, UK","2020-06-24","0.00","62",,"57"
"UKM00003502","ABERPORTH, UK","2020-06-25",,"70",,"57"
"UKM00003502","ABERPORTH, UK","2020-06-26","0.02","61",,
"UKM00003502","ABERPORTH, UK","2020-06-27","0.17","57",,
"UKM00003502","ABERPORTH, UK","2020-06-28","0.10","56",,"52"
"UKM00003502","ABERPORTH, UK","2020-06-29","0.00","54",,
"UKM00003502","ABERPORTH, UK","2020-06-30",,"56",,"52"
"UKM00003502","ABERPORTH, UK","2020-07-01","0.05","57",,
"UKM00003502","ABERPORTH, UK","2020-07-02","0.11","56",,
"UKM00003502","ABERPORTH, UK","2020-07-03","0.02","57",,"53"
"UKM00003502","ABERPORTH, UK","2020-07-04","0.31","59",,"57"
"UKM00003502","ABERPORTH, UK","2020-07-05","0.08","57",,
"UKM00003502","ABERPORTH, UK","2020-07-06","0.00","56",,"52"
"UKM00003502","ABERPORTH, UK","2020-07-07",,"55",,"52"
"UKM00003502","ABERPORTH, UK","2020-07-08","0.80","57",,"56"
"UKM00003502","ABERPORTH, UK","2020-07-09","0.72","56",,
"UKM00003502","ABERPORTH, UK","2020-07-10","0.06","55",,"51"
"UKM00003502","ABERPORTH, UK","2020-07-11","0.00","57",,"53"
"UKM00003502","ABERPORTH, UK","2020-07-12",,"57",,"46"
"UKM00003502","ABERPORTH, UK","2020-07-13",,"59",,"55"
"UKM00003502","ABERPORTH, UK","2020-07-14",,"55",,
"UKM00003502","ABERPORTH, UK","2020-07-15",,"57",,"53"
"UKM00003502","ABERPORTH, UK","2020-07-16",,"61",,"57"
"UKM00003502","ABERPORTH, UK","2020-07-17",,"61",,"55"
"UKM00003502","ABERPORTH, UK","2020-07-18",,"58",,
"UKM00003502","ABERPORTH, UK","2020-07-19",,"56",,"53"
"UKM00003502","ABERPORTH, UK","2020-07-20",,"56",,
"UKM00003502","ABERPORTH, UK","2020-07-21",,"56",,"47"
"UKM00003502","ABERPORTH, UK","2020-07-22",,"58",,"51"
"UKM00003502","ABERPORTH, UK","2020-07-23",,"60",,"55"
"UKM00003502","ABERPORTH, UK","2020-07-24",,"61",,"54"
"UKM00003502","ABERPORTH, UK","2020-07-25","0.11","60",,
"UKM00003502","ABERPORTH, UK","2020-07-26","0.02","60",,"54"
"UKM00003502","ABERPORTH, UK","2020-07-27","0.11","60",,"56"
"UKM00003502","ABERPORTH, UK","2020-07-28","0.23","57",,
"UKM00003502","ABERPORTH, UK","2020-07-29","0.00","58",,"52"
"UKM00003502","ABERPORTH, UK","2020-07-30",,"65",,"57"
"UKM00003502","ABERPORTH, UK","2020-07-31",,"67",,
"UKM00003502","ABERPORTH, UK","2020-08-01",,"58",,
"UKM00003502","ABERPORTH, UK","2020-08-02",,"57",,"54"
"UKM00003502","ABERPORTH, UK","2020-08-03",,"56",,
"UKM00003502","ABERPORTH, UK","2020-08-04",,"58",,"50"
"UKM00003502","ABERPORTH, UK","2020-08-05",,"62",,
"UKM00003502","ABERPORTH, UK","2020-08-06","0.02","62",,"58"
"UKM00003502","ABERPORTH, UK","2020-08-07",,"65",,
"UKM00003502","ABERPORTH, UK","2020-08-08","0.03","61",,"58"
"UKM00003502","ABERPORTH, UK","2020-08-09","0.00","62",,"56"
"UKM00003502","ABERPORTH, UK","2020-08-10",,"61",,"57"
"UKM00003502","ABERPORTH, UK","2020-08-11",,"60",,"58"
"UKM00003502","ABERPORTH, UK","2020-08-12","0.01","63",,"58"
"UKM00003502","ABERPORTH, UK","2020-08-13","0.01","68",,"62"
"UKM00003502","ABERPORTH, UK","2020-08-14","0.08","66",,"63"
"UKM00003502","ABERPORTH, UK","2020-08-15","0.00","64",,"61"
"UKM00003502","ABERPORTH, UK","2020-08-16","0.12","63",,"61"
"UKM00003502","ABERPORTH, UK","2020-08-17","0.25","61",,
"UKM00003502","ABERPORTH, UK","2020-08-18","1.99","63",,"58"
"UKM00003502","ABERPORTH, UK","2020-08-19","0.03","63",,"60"
"UKM00003502","ABERPORTH, UK","2020-08-20","0.40","62",,"58"
"UKM00003502","ABERPORTH, UK","2020-08-21","0.89","60",,"52"
"UKM00003502","ABERPORTH, UK","2020-08-22","0.29","60",,"58"
"UKM00003502","ABERPORTH, UK","2020-08-23","0.02","59",,
"UKM00003502","ABERPORTH, UK","2020-08-24","0.00","59",,"55"
"UKM00003502","ABERPORTH, UK","2020-08-25","0.94","60","64","58"
"UKM00003502","ABERPORTH, UK","2020-08-26","0.03","58",,
"UKM00003502","ABERPORTH, UK","2020-08-27","0.00","56",,"51"
"UKM00003502","ABERPORTH, UK","2020-08-28","0.44","56",,"53"
"UKM00003502","ABERPORTH, UK","2020-08-29","0.10","55",,"53"
"UKM00003502","ABERPORTH, UK","2020-08-30","0.00","56",,"51"
"UKM00003502","ABERPORTH, UK","2020-08-31",,"53",,"44"
"UKM00003502","ABERPORTH, UK","2020-09-01",,"57",,"47"
"UKM00003502","ABERPORTH, UK","2020-09-02",,"58",,"53"
"UKM00003502","ABERPORTH, UK","2020-09-03","0.52","60",,
"UKM00003502","ABERPORTH, UK","2020-09-04","0.02","57",,"53"
"UKM00003502","ABERPORTH, UK","2020-09-05","0.00","56",,"54"
"UKM00003502","ABERPORTH, UK","2020-09-06","0.02","57",,"53"
"UKM00003502","ABERPORTH, UK","2020-09-07","0.06","57",,"50"
"UKM00003502","ABERPORTH, UK","2020-09-08","0.13","62",,"59"
"UKM00003502","ABERPORTH, UK","2020-09-09","0.03","58",,
"UKM00003502","ABERPORTH, UK","2020-09-10","0.02","56","61",
"UKM00003502","ABERPORTH, UK","2020-09-11","0.00","57",,"49"
"UKM00003502","ABERPORTH, UK","2020-09-12","0.01","58",,"54"
"UKM00003502","ABERPORTH, UK","2020-09-13","0.00","62",,"56"
"UKM00003502","ABERPORTH, UK","2020-09-14",,"67",,"54"
"UKM00003502","ABERPORTH, UK","2020-09-15",,"63",,
"UKM00003502","ABERPORTH, UK","2020-09-16","0.02","59",,"56"
"UKM00003502","ABERPORTH, UK","2020-09-17","0.00","61",,"54"
"UKM00003502","ABERPORTH, UK","2020-09-18",,"57",,"50"
"UKM00003502","ABERPORTH, UK","2020-09-19",,"58",,"53"
"UKM00003502","ABERPORTH, UK","2020-09-20",,"58",,"52"
"UKM00003502","ABERPORTH, UK","2020-09-21",,"59",,"53"
"UKM00003502","ABERPORTH, UK","2020-09-22",,"57",,"52"
"UKM00003502","ABERPORTH, UK","2020-09-23","0.47","52",,
"UKM00003502","ABERPORTH, UK","2020-09-24","0.57","49",,"44"
"UKM00003502","ABERPORTH, UK","2020-09-25","0.09","51",,"47"
"UKM00003502","ABERPORTH, UK","2020-09-26","0.13","51",,"47"
"UKM00003502","ABERPORTH, UK","2020-09-27","0.00","52",,
"UKM00003502","ABERPORTH, UK","2020-09-28",,"54",,"43"
"UKM00003502","ABERPORTH, UK","2020-09-29",,"54",,
"UKM00003502","ABERPORTH, UK","2020-09-30","0.06","54",,"49"
"UKM00003502","ABERPORTH, UK","2020-10-01","0.47","50",,
"UKM00003502","ABERPORTH, UK","2020-10-02","0.18","52",,"46"
"UKM00003502","ABERPORTH, UK","2020-10-03","0.42","53",,
"UKM00003502","ABERPORTH, UK","2020-10-04","0.54","51",,"48"
"UKM00003502","ABERPORTH, UK","2020-10-05","0.74","54",,
"UKM00003502","ABERPORTH, UK","2020-10-06","0.11","54",,"51"
"UKM00003502","ABERPORTH, UK","2020-10-07","0.11","53",,"51"
"UKM00003502","ABERPORTH, UK","2020-10-08","0.70","54",,
"UKM00003502","ABERPORTH, UK","2020-10-09","0.01","51",,"46"
"UKM00003502","ABERPORTH, UK","2020-10-10","0.06","51",,"49"
"UKM00003502","ABERPORTH, UK","2020-10-11","0.05","51",,
"UKM00003502","ABERPORTH, UK","2020-10-12","0.18","50",,"46"
"UKM00003502","ABERPORTH, UK","2020-10-13","0.13","51",,"47"
"UKM00003502","ABERPORTH, UK","2020-10-14","0.09","52",,"48"
"UKM00003502","ABERPORTH, UK","2020-10-15","0.00","48",,"44"
"UKM00003502","ABERPORTH, UK","2020-10-16",,"49",,"42"
"UKM00003502","ABERPORTH, UK","2020-10-17",,"49",,"44"
"UKM00003502","ABERPORTH, UK","2020-10-18",,"49",,"45"
"UKM00003502","ABERPORTH, UK","2020-10-19",,"52",,"48"
"UKM00003502","ABERPORTH, UK","2020-10-20","0.03","56",,"52"
"UKM00003502","ABERPORTH, UK","2020-10-21","0.04","54",,
"UKM00003502","ABERPORTH, UK","2020-10-22","0.02","48",,
"UKM00003502","ABERPORTH, UK","2020-10-23","0.00","47",,"38"
"UKM00003502","ABERPORTH, UK","2020-10-24","0.06","50",,"44"
"UKM00003502","ABERPORTH, UK","2020-10-25","0.41","47",,
"UKM00003502","ABERPORTH, UK","2020-10-26","0.11","50",,"43"
"UKM00003502","ABERPORTH, UK","2020-10-27","0.13","49",,
"UKM00003502","ABERPORTH, UK","2020-10-28","0.07","48",,"44"
"UKM00003502","ABERPORTH, UK","2020-10-29","0.19","54","57","47"
"UKM00003502","ABERPORTH, UK","2020-10-30","0.28","54",,
"UKM00003502","ABERPORTH, UK","2020-10-31","0.23","52",,
"UKM00003502","ABERPORTH, UK","2020-11-01","0.39","55",,"47"
"UKM00003502","ABERPORTH, UK","2020-11-02","0.23","51",,
"UKM00003502","ABERPORTH, UK","2020-11-03","0.17","46",,"41"
"UKM00003502","ABERPORTH, UK","2020-11-04","0.16","47",,"43"
"UKM00003502","ABERPORTH, UK","2020-11-05","0.02","47",,
"UKM00003502","ABERPORTH, UK","2020-11-06","0.00","46",,"38"
"UKM00003502","ABERPORTH, UK","2020-11-07",,"51",,"41"
"UKM00003502","ABERPORTH, UK","2020-11-08","0.01","54",,
"UKM00003502","ABERPORTH, UK","2020-11-09","0.01","55",,"52"
"UKM00003502","ABERPORTH, UK","2020-11-10","0.13","51",,
"UKM00003502","ABERPORTH, UK","2020-11-11","0.01","52",,"48"
"UKM00003502","ABERPORTH, UK","2020-11-12","0.51","50",,
"UKM00003502","ABERPORTH, UK","2020-11-13","0.21","48",,"45"
"UKM00003502","ABERPORTH, UK","2020-11-14","0.06","52",,"44"
"UKM00003502","ABERPORTH, UK","2020-11-15","0.31","49",,
"UKM00003502","ABERPORTH, UK","2020-11-16","0.14","51",,"49"
"UKM00003502","ABERPORTH, UK","2020-11-17","0.23","54",,
"UKM00003502","ABERPORTH, UK","2020-11-18","0.03","52","56",
"UKM00003502","ABERPORTH, UK","2020-11-19","0.09","47",,
"UKM00003502","ABERPORTH, UK","2020-11-20","0.02","48",,"40"
"UKM00003502","ABERPORTH, UK","2020-11-21","0.16","51",,
"UKM00003502","ABERPORTH, UK","2020-11-22","0.14","46",,
"UKM00003502","ABERPORTH, UK","2020-11-23","0.00","45",,"38"
"UKM00003502","ABERPORTH, UK","2020-11-24",,"51",,
"UKM00003502","ABERPORTH, UK","2020-11-25","0.14","46",,
"UKM00003502","ABERPORTH, UK","2020-11-26","0.00","43",,
"UKM00003502","ABERPORTH, UK","2020-11-27","0.02","41",,
"UKM00003502","ABERPORTH, UK","2020-11-28","0.00","46",,"37"
"UKM00003502","ABERPORTH, UK","2020-11-29","0.02","46",,"42"
"UKM00003502","ABERPORTH, UK","2020-11-30","0.00","49",,"44"
"UKM00003502","ABERPORTH, UK","2020-12-01","0.02","47",,
"UKM00003502","ABERPORTH, UK","2020-12-02","0.00","46",,
"UKM00003502","ABERPORTH, UK","2020-12-03","0.56","40",,
"UKM00003502","ABERPORTH, UK","2020-12-04","0.87","42",,"37"
"UKM00003502","ABERPORTH, UK","2020-12-05","0.28","42",,
"UKM00003502","ABERPORTH, UK","2020-12-06","0.00","40",,
"UKM00003502","ABERPORTH, UK","2020-12-07","0.01","40",,"34"
"UKM00003502","ABERPORTH, UK","2020-12-08","0.27","44",,"39"
"UKM00003502","ABERPORTH, UK","2020-12-09","0.06","43",,
"UKM00003502","ABERPORTH, UK","2020-12-10","0.12","47",,"43"
"UKM00003502","ABERPORTH, UK","2020-12-11","0.17","48",,
"UKM00003502","ABERPORTH, UK","2020-12-12","0.17","44",,
"UKM00003502","ABERPORTH, UK","2020-12-13","0.09","48",,"38"
"UKM00003502","ABERPORTH, UK","2020-12-14","0.22","47",,
"UKM00003502","ABERPORTH, UK","2020-12-15","0.16","45",,"43"
"UKM00003502","ABERPORTH, UK","2020-12-16","0.46","46",,
"UKM00003502","ABERPORTH, UK","2020-12-17","0.17","47",,
"UKM00003502","ABERPORTH, UK","2020-12-18","0.31","53",,"50"
"UKM00003502","ABERPORTH, UK","2020-12-19","0.98","46",,
"UKM00003502","ABERPORTH, UK","2020-12-20","0.34","44",,
"UKM00003502","ABERPORTH, UK","2020-12-21","0.04","50",,"41"
"UKM00003502","ABERPORTH, UK","2020-12-22","0.54","46",,
"UKM00003502","ABERPORTH, UK","2020-12-23","0.13","47",,
"UKM00003502","ABERPORTH, UK","2020-12-24","0.09","41",,
"UKM00003502","ABERPORTH, UK","2020-12-25","0.06","41",,"38"
"UKM00003502","ABERPORTH, UK","2020-12-26","0.02","47",,"42"
"UKM00003502","ABERPORTH, UK","2020-12-27","0.63","42",,
"UKM00003502","ABERPORTH, UK","2020-12-28","0.23","41",,"38"
"UKM00003502","ABERPORTH, UK","2020-12-29","0.25","41",,
"UKM00003502","ABERPORTH, UK","2020-12-30","0.06","40",,
"UKM00003502","ABERPORTH, UK","2020-12-31","0.10","35",,
"UKM00003502","ABERPORTH, UK","2021-01-01","0.10","39",,"30"
"UKM00003502","ABERPORTH, UK","2021-01-02","0.01","39",,
"UKM00003502","ABERPORTH, UK","2021-01-03","0.16","39",,"37"
"UKM00003502","ABERPORTH, UK","2021-01-04","0.00","39",,"36"
"UKM00003502","ABERPORTH, UK","2021-01-05",,"38",,
"UKM00003502","ABERPORTH, UK","2021-01-06",,"36",,
"UKM00003502","ABERPORTH, UK","2021-01-07",,"35",,
"UKM00003502","ABERPORTH, UK","2021-01-08","0.17","38",,
"UKM00003502","ABERPORTH, UK","2021-01-09","0.00","33",,
"UKM00003502","ABERPORTH, UK","2021-01-10","0.01","39",,"30"
"UKM00003502","ABERPORTH, UK","2021-01-11","0.00","45",,"43"
"UKM00003502","ABERPORTH, UK","2021-01-12","0.14","45",,
"UKM00003502","ABERPORTH, UK","2021-01-13","0.34","48",,"41"
"UKM00003502","ABERPORTH, UK","2021-01-14","0.37","46",,
"UKM00003502","ABERPORTH, UK","2021-01-15","0.02","38",,
"UKM00003502","ABERPORTH, UK","2021-01-16","0.39","45",,"37"
"UKM00003502","ABERPORTH, UK","2021-01-17","0.00","42",,
"UKM00003502","ABERPORTH, UK","2021-01-18","0.02","44",,"38"
"UKM00003502","ABERPORTH, UK","2021-01-19","0.44","50",,"47"
"UKM00003502","ABERPORTH, UK","2021-01-20","0.72","47",,
"UKM00003502","ABERPORTH, UK","2021-01-21","1.26","41","44","37"
"UKM00003502","ABERPORTH, UK","2021-01-22","0.02","40",,
"UKM00003502","ABERPORTH, UK","2021-01-23","0.20","37",,
"UKM00003502","ABERPORTH, UK","2021-01-24","0.02","35","39","30"
"UKM00003502","ABERPORTH, UK","2021-01-25","0.12","38",,
"UKM00003502","ABERPORTH, UK","2021-01-26","0.06","42",,"33"
"UKM00003502","ABERPORTH, UK","2021-01-27","0.12","48",,"46"
"UKM00003502","ABERPORTH, UK","2021-01-28","0.39","50",,"48"
"UKM00003502","ABERPORTH, UK","2021-01-29","0.09","46",,
"UKM00003502","ABERPORTH, UK","2021-01-30","0.30","41",,
"UKM00003502","ABERPORTH, UK","2021-01-31","0.00","34",,"31"
"UKM00003502","ABERPORTH, UK","2021-02-01","0.06","38",,"34"
"UKM00003502","ABERPORTH, UK","2021-02-02","0.23","48",,"40"
"UKM00003502","ABERPORTH, UK","2021-02-03","0.21","45",,
"UKM00003502","ABERPORTH, UK","2021-02-04","0.01","45",,
"UKM00003502","ABERPORTH, UK","2021-02-05","0.02","41",,
"UKM00003502","ABERPORTH, UK","2021-02-06","0.37","38",,
"UKM00003502","ABERPORTH, UK","2021-02-07","0.11","36",,
"UKM00003502","ABERPORTH, UK","2021-02-08","0.00","33",,"32"
"UKM00003502","ABERPORTH, UK","2021-02-09",,"32",,
"UKM00003502","ABERPORTH, UK","2021-02-10",,"31",,
"UKM00003502","ABERPORTH, UK","2021-02-13",,"33",,
"UKM00003502","ABERPORTH, UK","2021-02-14",,"43",,"34"
"UKM00003502","ABERPORTH, UK","2021-02-15","0.02","48",,"46"
"UKM00003502","ABERPORTH, UK","2021-02-16","0.08","47",,
"UKM00003502","ABERPORTH, UK","2021-02-17","0.06","47",,"44"
"UKM00003502","ABERPORTH, UK","2021-02-18","0.32","43",,
"UKM00003502","ABERPORTH, UK","2021-02-19","0.07","45",,"38"
"UKM00003502","ABERPORTH, UK","2021-02-20","0.00","49",,
"UKM00003502","ABERPORTH, UK","2021-02-21",,"47","50",
"UKM00003502","ABERPORTH, UK","2021-02-22","0.12","45",,
"UKM00003502","ABERPORTH, UK","2021-02-23","0.02","48",,"43"
"UKM00003502","ABERPORTH, UK","2021-02-24","0.80","50",,
"UKM00003502","ABERPORTH, UK","2021-02-25","0.16","44",,
"UKM00003502","ABERPORTH, UK","2021-02-26","0.00","41",,
"UKM00003502","ABERPORTH, UK","2021-02-27","0.01","41",,
"UKM00003502","ABERPORTH, UK","2021-02-28","0.02","42",,"32"
"UKM00003502","ABERPORTH, UK","2021-03-01","0.00","43",,
"UKM00003502","ABERPORTH, UK","2021-03-02",,"41",,"34"
"UKM00003502","ABERPORTH, UK","2021-03-03",,"42",,"38"
"UKM00003502","ABERPORTH, UK","2021-03-04",,"41",,
"UKM00003502","ABERPORTH, UK","2021-03-05",,"38",,
"UKM00003502","ABERPORTH, UK","2021-03-06",,"37",,"31"
"UKM00003502","ABERPORTH, UK","2021-03-07",,"37",,"30"
"UKM00003502","ABERPORTH, UK","2021-03-08",,"39",,"32"
"UKM00003502","ABERPORTH, UK","2021-03-09","0.01","43",,"35"
"UKM00003502","ABERPORTH, UK","2021-03-10","0.22","49","52","43"
"UKM00003502","ABERPORTH, UK","2021-03-11","0.35","45",,
"UKM00003502","ABERPORTH, UK","2021-03-12","0.11","44",,"39"
"UKM00003502","ABERPORTH, UK","2021-03-13","0.16","42",,
"UKM00003502","ABERPORTH, UK","2021-03-14","0.02","45",,"42"
"UKM00003502","ABERPORTH, UK","2021-03-15","0.17","47",,
"UKM00003502","ABERPORTH, UK","2021-03-16","0.02","47",,
"UKM00003502","ABERPORTH, UK","2021-03-17","0.14","45",,"42"
"UKM00003502","ABERPORTH, UK","2021-03-18","0.01","44",,"40"
"UKM00003502","ABERPORTH, UK","2021-03-19","0.02","46",,"43"
"UKM00003502","ABERPORTH, UK","2021-03-20","0.00","46",,
"UKM00003502","ABERPORTH, UK","2021-03-21",,"45",,
"UKM00003502","ABERPORTH, UK","2021-03-22",,"44",,"38"
"UKM00003502","ABERPORTH, UK","2021-03-23",,"47",,"44"
"UKM00003502","ABERPORTH, UK","2021-03-24","0.06","47",,
"UKM00003502","ABERPORTH, UK","2021-03-25","0.00","48",,"43"
"UKM00003502","ABERPORTH, UK","2021-03-26","0.03","45",,
"UKM00003502","ABERPORTH, UK","2021-03-27","0.09","45",,"39"
"UKM00003502","ABERPORTH, UK","2021-03-28","0.06","50",,"46"
"UKM00003502","ABERPORTH, UK","2021-03-29","0.01","50",,
"UKM00003502","ABERPORTH, UK","2021-03-30","0.00","54",,"43"
"UKM00003502","ABERPORTH, UK","2021-03-31",,"49",,
"UKM00003502","ABERPORTH, UK","2021-04-01",,"50",,"44"
"UKM00003502","ABERPORTH, UK","2021-04-02",,"44",,"38"
"UKM00003502","ABERPORTH, UK","2021-04-03",,"44",,"38"
"UKM00003502","ABERPORTH, UK","2021-04-04",,"44",,"36"
"UKM00003502","ABERPORTH, UK","2021-04-05","0.02","41",,
"UKM00003502","ABERPORTH, UK","2021-04-06","0.03","39",,"33"
"UKM00003502","ABERPORTH, UK","2021-04-07","0.02","41",,"38"
"UKM00003502","ABERPORTH, UK","2021-04-08","0.00","45",,"40"
"UKM00003502","ABERPORTH, UK","2021-04-09",,"43",,
"UKM00003502","ABERPORTH, UK","2021-04-10",,"41",,
"UKM00003502","ABERPORTH, UK","2021-04-11",,"40",,"35"
"UKM00003502","ABERPORTH, UK","2021-04-12","0.05","42",,"38"
"UKM00003502","ABERPORTH, UK","2021-04-13","0.02","44",,"38"
"UKM00003502","ABERPORTH, UK","2021-04-14","0.00","44",,"33"
"UKM00003502","ABERPORTH, UK","2021-04-15",,"45",,"39"
"UKM00003502","ABERPORTH, UK","2021-04-16",,"44",,"36"
"UKM00003502","ABERPORTH, UK","2021-04-17",,"44",,"37"
"UKM00003502","ABERPORTH, UK","2021-04-18",,"45",,"37"
"UKM00003502","ABERPORTH, UK","2021-04-19",,"47",,"39"
"UKM00003502","ABERPORTH, UK","2021-04-20",,"48",,"45"
"UKM00003502","ABERPORTH, UK","2021-04-21",,"52",,"46"
"UKM00003502","ABERPORTH, UK","2021-04-22",,"49",,"39"
"UKM00003502","ABERPORTH, UK","2021-04-23",,"54",,"42"
"UKM00003502","ABERPORTH, UK","2021-04-24",,"54",,"44"
"UKM00003502","ABERPORTH, UK","2021-04-25",,"49",,"42"
"UKM00003502","ABERPORTH, UK","2021-04-26",,"46",,"39"
"UKM00003502","ABERPORTH, UK","2021-04-27",,"47",,"43"
"UKM00003502","ABERPORTH, UK","2021-04-28","0.13","46",,"42"
"UKM00003502","ABERPORTH, UK","2021-04-29","0.04","46",,"42"
"UKM00003502","ABERPORTH, UK","2021-04-30","0.00","44",,"38"
"UKM00003502","ABERPORTH, UK","2021-05-01",,"45",,"36"
"UKM00003502","ABERPORTH, UK","2021-05-02",,"47",,"37"
"UKM00003502","ABERPORTH, UK","2021-05-03",,"47",,"44"
"UKM00003502","ABERPORTH, UK","2021-05-04","0.03","45",,
"UKM00003502","ABERPORTH, UK","2021-05-05","0.12","43",,
"UKM00003502","ABERPORTH, UK","2021-05-06",,"44",,"38"
"UKM00003502","ABERPORTH, UK","2021-05-07",,"46",,"40"
"UKM00003502","ABERPORTH, UK","2021-05-08","0.24","51",,"42"
"UKM00003502","ABERPORTH, UK","2021-05-09","0.43","52",,"49"
"UKM00003502","ABERPORTH, UK","2021-05-10","0.02","50",,
"UKM00003502","ABERPORTH, UK","2021-05-11","0.21","47",,
"UKM00003502","ABERPORTH, UK","2021-05-12","0.40","48",,"41"
"UKM00003502","ABERPORTH, UK","2021-05-13","0.01","48",,"46"
"UKM00003502","ABERPORTH, UK","2021-05-14","0.40","50",,
"UKM00003502","ABERPORTH, UK","2021-05-15","0.07","49",,
"UKM00003502","ABERPORTH, UK","2021-05-16","0.24","49",,"45"
"UKM00003502","ABERPORTH, UK","2021-05-17","0.60","50",,
"UKM00003502","ABERPORTH, UK","2021-05-18","0.00","49","55",
"UKM00003502","ABERPORTH, UK","2021-05-19","0.10","50",,
"UKM00003502","ABERPORTH, UK","2021-05-20","0.01","49",,"46"
"UKM00003502","ABERPORTH, UK","2021-05-21","0.46","49",,
"UKM00003502","ABERPORTH, UK","2021-05-22","0.57","48",,
"UKM00003502","ABERPORTH, UK","2021-05-23","0.00","46",,"44"
"UKM00003502","ABERPORTH, UK","2021-05-24","0.53","47",,"42"
"UKM00003502","ABERPORTH, UK","2021-05-25","0.06","49",,
"UKM00003502","ABERPORTH, UK","2021-05-26","0.00","50",,"46"
"UKM00003502","ABERPORTH, UK","2021-05-27",,"51",,"40"
"UKM00003502","ABERPORTH, UK","2021-05-28","0.11","53",,"49"
"UKM00003502","ABERPORTH, UK","2021-05-29","0.17","55","62","52"
"UKM00003502","ABERPORTH, UK","2021-05-30","0.03","60",,"53"
"UKM00003502","ABERPORTH, UK","2021-05-31","0.00","61",,"49"
"UKM00003502","ABERPORTH, UK","2021-06-01",,"64","75","54"
"UKM00003502","ABERPORTH, UK","2021-06-02","0.00","63",,"58"
"UKM00003502","ABERPORTH, UK","2021-06-03","0.05","55",,
"UKM00003502","ABERPORTH, UK","2021-06-04","0.00","53",,"44"
"UKM00003502","ABERPORTH, UK","2021-06-05",,"54",,"47"
"UKM00003502","ABERPORTH, UK","2021-06-06","0.09","54",,"49"
"UKM00003502","ABERPORTH, UK","2021-06-07","0.00","54",,"49"
"UKM00003502","ABERPORTH, UK","2021-06-08",,"58",,"48"
"UKM00003502","ABERPORTH, UK","2021-06-09",,"58",,"53"
"UKM00003502","ABERPORTH, UK","2021-06-10",,"60",,"55"
"UKM00003502","ABERPORTH, UK","2021-06-11","0.01","58",,
"UKM00003502","ABERPORTH, UK","2021-06-12","0.00","55",,"50"
"UKM00003502","ABERPORTH, UK","2021-06-13",,"60",,"51"
"UKM00003502","ABERPORTH, UK","2021-06-14",,"57",,
"UKM00003502","ABERPORTH, UK","2021-06-15",,"59",,"48"
"UKM00003502","ABERPORTH, UK","2021-06-16",,"57",,
"UKM00003502","ABERPORTH, UK","2021-06-17",,"55",,"50"
"UKM00003502","ABERPORTH, UK","2021-06-18",,"55",,"53"
"UKM00003502","ABERPORTH, UK","2021-06-19",,"58",,"51"
"UKM00003502","ABERPORTH, UK","2021-06-20",,"58","63","55"
"UKM00003502","ABERPORTH, UK","2021-06-21",,"56",,"53"
"UKM00003502","ABERPORTH, UK","2021-06-22",,"55",,"49"
"UKM00003502","ABERPORTH, UK","2021-06-23",,"53",,"48"
"UKM00003502","ABERPORTH, UK","2021-06-24",,"57",,"53"
"UKM00003502","ABERPORTH, UK","2021-06-25","0.25","52",,
"UKM00003502","ABERPORTH, UK","2021-06-26","0.06","57","63","51"
"UKM00003502","ABERPORTH, UK","2021-06-27","0.00","60",,"54"
"UKM00003502","ABERPORTH, UK","2021-06-28",,"58",,"56"
"UKM00003502","ABERPORTH, UK","2021-06-29","0.04","56",,
"UKM00003502","ABERPORTH, UK","2021-06-30","0.01","55",,"52"
"UKM00003502","ABERPORTH, UK","2021-07-01","0.00","54",,"52"
"UKM00003502","ABERPORTH, UK","2021-07-02",,"57",,"50"
"UKM00003502","ABERPORTH, UK","2021-07-03","0.01","60",,"56"
"UKM00003502","ABERPORTH, UK","2021-07-04","0.13","59",,
"UKM00003502","ABERPORTH, UK","2021-07-05","0.25","56",,
"UKM00003502","ABERPORTH, UK","2021-07-06","0.39","56",,"52"
"UKM00003502","ABERPORTH, UK","2021-07-07","0.02","58",,"56"
"UKM00003502","ABERPORTH, UK","2021-07-08","0.01","58",,
"UKM00003502","ABERPORTH, UK","2021-07-09","0.00","57",,"54"
"UKM00003502","ABERPORTH, UK","2021-07-10","0.01","59",,
"UKM00003502","ABERPORTH, UK","2021-07-11","0.00","58",,"54"
"UKM00003502","ABERPORTH, UK","2021-07-12","0.33","58",,"56"
"UKM00003502","ABERPORTH, UK","2021-07-13","0.00","58",,"56"
"UKM00003502","ABERPORTH, UK","2021-07-14",,"59",,"56"
"UKM00003502","ABERPORTH, UK","2021-07-15",,"60",,
"UKM00003502","ABERPORTH, UK","2021-07-16",,"61",,"53"
"UKM00003502","ABERPORTH, UK","2021-07-17",,"68",,"60"
"UKM00003502","ABERPORTH, UK","2021-07-18",,"70",,"63"
"UKM00003502","ABERPORTH, UK","2021-07-19",,"71",,"63"
"UKM00003502","ABERPORTH, UK","2021-07-20",,"68",,"62"
"UKM00003502","ABERPORTH, UK","2021-07-21",,"69",,"60"
"UKM00003502","ABERPORTH, UK","2021-07-22",,"73",,"65"
"UKM00003502","ABERPORTH, UK","2021-07-23",,"71",,"65"
"UKM00003502","ABERPORTH, UK","2021-07-24",,"63",,"59"
"UKM00003502","ABERPORTH, UK","2021-07-25",,"62",,"58"
"UKM00003502","ABERPORTH, UK","2021-07-26",,"61",,"55"
"UKM00003502","ABERPORTH, UK","2021-07-27",,"60",,
"UKM00003502","ABERPORTH, UK","2021-07-28","0.02","58",,"53"
"UKM00003502","ABERPORTH, UK","2021-07-29","0.08","58",,
"UKM00003502","ABERPORTH, UK","2021-07-30","0.00","57",,"55"
"UKM00003502","ABERPORTH, UK","2021-07-31","0.07","58",,"56"
"UKM00003502","ABERPORTH, UK","2021-08-01","0.02","58",,
"UKM00003502","ABERPORTH, UK","2021-08-02","0.00","58",,
"UKM00003502","ABERPORTH, UK","2021-08-03",,"57",,"48"
"UKM00003502","ABERPORTH, UK","2021-08-04",,"59",,"51"
"UKM00003502","ABERPORTH, UK","2021-08-05","0.04","59",,"56"
"UKM00003502","ABERPORTH, UK","2021-08-06","0.34","60",,
"UKM00003502","ABERPORTH, UK","2021-08-07","0.05","58",,"56"
"UKM00003502","ABERPORTH, UK","2021-08-08","0.23","59",,
"UKM00003502","ABERPORTH, UK","2021-08-09","0.09","59",,"55"
"UKM00003502","ABERPORTH, UK","2021-08-10","0.00","59",,
"UKM00003502","ABERPORTH, UK","2021-08-11",,"59","64",
"UKM00003502","ABERPORTH, UK","2021-08-12",,"58",,"50"
"UKM00003502","ABERPORTH, UK","2021-08-13",,"61",,"55"
"UKM00003502","ABERPORTH, UK","2021-08-14",,"61",,"58"
"UKM00003502","ABERPORTH, UK","2021-08-15","0.27","59",,
"UKM00003502","ABERPORTH, UK","2021-08-16",,"58",,"56"
"UKM00003502","ABERPORTH, UK","2021-08-17","0.02","58",,
"UKM00003502","ABERPORTH, UK","2021-08-18","0.06","57",,
"UKM00003502","ABERPORTH, UK","2021-08-19","0.04","58",,"52"
"UKM00003502","ABERPORTH, UK","2021-08-20","0.05","62",,"58"
"UKM00003502","ABERPORTH, UK","2021-08-21","0.24","60",,
"UKM00003502","ABERPORTH, UK","2021-08-22","0.16","59",,
"UKM00003502","ABERPORTH, UK","2021-08-23","0.00","61",,"56"
"UKM00003502","ABERPORTH, UK","2021-08-24",,"61",,"55"
"UKM00003502","ABERPORTH, UK","2021-08-25",,"60",,"56"
"UKM00003502","ABERPORTH, UK","2021-08-26",,"59",,"53"
"UKM00003502","ABERPORTH, UK","2021-08-27","0.01","58",,"50"
"UKM00003502","ABERPORTH, UK","2021-08-28","0.00","58",,"50"
"UKM00003502","ABERPORTH, UK","2021-08-29",,"58",,"51"
"UKM00003502","ABERPORTH, UK","2021-08-30",,"58",,"52"
"UKM00003502","ABERPORTH, UK","2021-08-31",,"58",,"55"
"UKM00003502","ABERPORTH, UK","2021-09-01",,"59",,"57"
"UKM00003502","ABERPORTH, UK","2021-09-02",,"59",,"57"
"UKM00003502","ABERPORTH, UK","2021-09-03",,"60",,"57"
"UKM00003502","ABERPORTH, UK","2021-09-04",,"61",,"55"
"UKM00003502","ABERPORTH, UK","2021-09-05",,"62",,"57"
"UKM00003502","ABERPORTH, UK","2021-09-06",,"62",,"58"
"UKM00003502","ABERPORTH, UK","2021-09-07",,"71",,"61"
"UKM00003502","ABERPORTH, UK","2021-09-08",,"69",,
"UKM00003502","ABERPORTH, UK","2021-09-09","0.09","63",,"61"
"UKM00003502","ABERPORTH, UK","2021-09-10","0.17","62",,"61"
"UKM00003502","ABERPORTH, UK","2021-09-11","0.02","59",,
"UKM00003502","ABERPORTH, UK","2021-09-12","0.00","56",,"52"
"UKM00003502","ABERPORTH, UK","2021-09-13","0.16","59",,"57"
"UKM00003502","ABERPORTH, UK","2021-09-14","0.43","60",,
"UKM00003502","ABERPORTH, UK","2021-09-15","0.01","59",,"55"
"UKM00003502","ABERPORTH, UK","2021-09-16","0.00","58","64","52"
"UKM00003502","ABERPORTH, UK","2021-09-17","0.00","60","67","55"
"UKM00003502","ABERPORTH, UK","2021-09-18","0.13","58","62",
"UKM00003502","ABERPORTH, UK","2021-09-19","0.29","56","60","50"
"UKM00003502","ABERPORTH, UK","2021-09-20","0.06","58","62","52"
"UKM00003502","ABERPORTH, UK","2021-09-21","0.00","58","64","52"
"UKM00003502","ABERPORTH, UK","2021-09-22","0.00","57","63","52"
"UKM00003502","ABERPORTH, UK","2021-09-23","0.02","58","61",
"UKM00003502","ABERPORTH, UK","2021-09-24","0.00","60","69","51"
"UKM00003502","ABERPORTH, UK","2021-09-25","0.00","62","67","58"
"UKM00003502","ABERPORTH, UK","2021-09-26","0.01","60","65","55"
"UKM00003502","ABERPORTH, UK","2021-09-27","1.21","53","61","49"
"UKM00003502","ABERPORTH, UK","2021-09-28","0.09","53",,"49"
"UKM00003502","ABERPORTH, UK","2021-09-29","0.65","51","56",
"UKM00003502","ABERPORTH, UK","2021-09-30","0.11","56","62","47"
"UKM00003502","ABERPORTH, UK","2021-10-01","0.65","53","56",
"UKM00003502","ABERPORTH, UK","2021-10-02","0.29","51",,"47"
"UKM00003502","ABERPORTH, UK","2021-10-03","0.57","52",,"45"
"UKM00003502","ABERPORTH, UK","2021-10-04","0.09","52",,
"UKM00003502","ABERPORTH, UK","2021-10-05","0.37","53",,"50"
"UKM00003502","ABERPORTH, UK","2021-10-06","0.01","56",,"52"
"UKM00003502","ABERPORTH, UK","2021-10-07","0.00","59",,"55"
"UKM00003502","ABERPORTH, UK","2021-10-08","0.00","59",,"56"
"UKM00003502","ABERPORTH, UK","2021-10-09","0.00","58","62","56"
"UKM00003502","ABERPORTH, UK","2021-10-10","0.00","56","58",
"UKM00003502","ABERPORTH, UK","2021-10-11","0.00","54","58",
"UKM00003502","ABERPORTH, UK","2021-10-12","0.00","55","57","49"
"UKM00003502","ABERPORTH, UK","2021-10-13","0.02","55","58",
"UKM00003502","ABERPORTH, UK","2021-10-14","0.01","55","61","47"
"UKM00003502","ABERPORTH, UK","2021-10-15","0.00","54","58",
"UKM00003502","ABERPORTH, UK","2021-10-16","0.00","53","61","49"
"UKM00003502","ABERPORTH, UK","2021-10-17","0.07","56","59","53"
"UKM00003502","ABERPORTH, UK","2021-10-18","0.02","58","62","54"
"UKM00003502","ABERPORTH, UK","2021-10-19","0.25","60","62",
"UKM00003502","ABERPORTH, UK","2021-10-20","0.18","53","57",
"UKM00003502","ABERPORTH, UK","2021-10-21","0.58","50","52","47"
"UKM00003502","ABERPORTH, UK","2021-10-22","0.02","51","53","49"
"UKM00003502","ABERPORTH, UK","2021-10-23","0.00","51","54","46"
"UKM00003502","ABERPORTH, UK","2021-10-24","0.02","54","59","51"
"UKM00003502","ABERPORTH, UK","2021-10-25","0.17","51","57",
"UKM00003502","ABERPORTH, UK","2021-10-26","0.04","55","59","47"
"UKM00003502","ABERPORTH, UK","2021-10-27","0.02","59","61","56"
"UKM00003502","ABERPORTH, UK","2021-10-28","0.10","57","58",
"UKM00003502","ABERPORTH, UK","2021-10-29","1.12","52",,
"UKM00003502","ABERPORTH, UK","2021-10-30","1.40","48","54",
"UKM00003502","ABERPORTH, UK","2021-10-31","0.74","51","53","45"
"UKM00003502","ABERPORTH, UK","2021-11-01","0.39","50","51","47"
"UKM00003502","ABERPORTH, UK","2021-11-02","0.01","47","52","40"
"UKM00003502","ABERPORTH, UK","2021-11-03","0.14","49","51","45"
"UKM00003502","ABERPORTH, UK","2021-11-04","0.02","48",,
"UKM00003502","ABERPORTH, UK","2021-11-05","0.03","51","53","46"
"UKM00003502","ABERPORTH, UK","2021-11-06","0.06","52","54","49"
"UKM00003502","ABERPORTH, UK","2021-11-07","0.06","50","52",
"UKM00003502","ABERPORTH, UK","2021-11-08","0.00","51","57","43"
"UKM00003502","ABERPORTH, UK","2021-11-09","0.01","55","57","52"
"UKM00003502","ABERPORTH, UK","2021-11-10","0.22","50","53",
"UKM00003502","ABERPORTH, UK","2021-11-11","0.03","51","54","46"
"UKM00003502","ABERPORTH, UK","2021-11-12","0.10","54","55","51"
"UKM00003502","ABERPORTH, UK","2021-11-13","0.02","53","55",
"UKM00003502","ABERPORTH, UK","2021-11-14","0.00","51","53",
"UKM00003502","ABERPORTH, UK","2021-11-15","0.00","51","53",
"UKM00003502","ABERPORTH, UK","2021-11-16","0.24","50",,
"UKM00003502","ABERPORTH, UK","2021-11-17","0.03","51","52",
"UKM00003502","ABERPORTH, UK","2021-11-18","0.00","52","54","47"
"UKM00003502","ABERPORTH, UK","2021-11-19","0.04","51","53",
"UKM00003502","ABERPORTH, UK","2021-11-20","0.06","50","53",
"UKM00003502","ABERPORTH, UK","2021-11-21","0.06","46",,
"UKM00003502","ABERPORTH, UK","2021-11-22","0.06","43","46","37"
"UKM00003502","ABERPORTH, UK","2021-11-23","0.00","44","48",
"UKM00003502","ABERPORTH, UK","2021-11-24","0.00","46","49",
"UKM00003502","ABERPORTH, UK","2021-11-25","0.17","45","47",
"UKM00003502","ABERPORTH, UK","2021-11-26","0.03","45","49",
"UKM00003502","ABERPORTH, UK","2021-11-27","0.18","42",,"40"
"UKM00003502","ABERPORTH, UK","2021-11-28","0.03","41","46",
"UKM00003502","ABERPORTH, UK","2021-11-29","0.07","41",,"32"
"UKM00003502","ABERPORTH, UK","2021-11-30","0.02","50","52","48"
"UKM00003502","ABERPORTH, UK","2021-12-01","0.24","46",,
"UKM00003502","ABERPORTH, UK","2021-12-02","0.11","41",,
"UKM00003502","ABERPORTH, UK","2021-12-03","0.33","47",,"38"
"UKM00003502","ABERPORTH, UK","2021-12-04","0.07","45",,"43"
"UKM00003502","ABERPORTH, UK","2021-12-05","0.00","44","46",
"UKM00003502","ABERPORTH, UK","2021-12-06","0.03","43","48","37"
"UKM00003502","ABERPORTH, UK","2021-12-07","0.09","43","47","38"
"UKM00003502","ABERPORTH, UK","2021-12-08","0.35","44","45","41"
"UKM00003502","ABERPORTH, UK","2021-12-09","0.05","45","49",
"UKM00003502","ABERPORTH, UK","2021-12-10","0.09","44",,"42"
"UKM00003502","ABERPORTH, UK","2021-12-11","0.00","49","54","42"
"UKM00003502","ABERPORTH, UK","2021-12-12","0.17","53","53",
"UKM00003502","ABERPORTH, UK","2021-12-13","0.10","48",,
"UKM00003502","ABERPORTH, UK","2021-12-14","0.71","50","53","45"
"UKM00003502","ABERPORTH, UK","2021-12-15","0.02","51","53","48"
"UKM00003502","ABERPORTH, UK","2021-12-16","0.00","49","51",
"UKM00003502","ABERPORTH, UK","2021-12-17","0.00","44","47",
"UKM00003502","ABERPORTH, UK","2021-12-18","0.00","43","50",
"UKM00003502","ABERPORTH, UK","2021-12-19","0.00","47","56","39"
"UKM00003502","ABERPORTH, UK","2021-12-20","0.00","39",,"34"
"UKM00003502","ABERPORTH, UK","2021-12-21","0.00","37","41",
"UKM00003502","ABERPORTH, UK","2021-12-22","0.00","41",,"33"
"UKM00003502","ABERPORTH, UK","2021-12-23","0.20","49","53","43"
"UKM00003502","ABERPORTH, UK","2021-12-24","0.02","48","49",
"UKM00003502","ABERPORTH, UK","2021-12-25","0.02","47","48","44"
"UKM00003502","ABERPORTH, UK","2021-12-26","0.47","46","51",
"UKM00003502","ABERPORTH, UK","2021-12-27","0.13","47","51","42"
"UKM00003502","ABERPORTH, UK","2021-12-28","0.19","47",,
"UKM00003502","ABERPORTH, UK","2021-12-29","0.16","51","56","44"
"UKM00003502","ABERPORTH, UK","2021-12-30","0.37","55","56","53"
"UKM00003502","ABERPORTH, UK","2021-12-31","0.21","54","56",
"UKM00003502","ABERPORTH, UK","2022-01-01","0.02","54","57",
"UKM00003502","ABERPORTH, UK","2022-01-02","0.04","49",,
"UKM00003502","ABERPORTH, UK","2022-01-03","0.08","48","49",
"UKM00003502","ABERPORTH, UK","2022-01-04","0.30","41",,"36"
"UKM00003502","ABERPORTH, UK","2022-01-05","0.04","42","44","36"
"UKM00003502","ABERPORTH, UK","2022-01-06","0.00","42","48","36"
"UKM00003502","ABERPORTH, UK","2022-01-07","0.17","42",,
"UKM00003502","ABERPORTH, UK","2022-01-08","0.18","46","51","42"
"UKM00003502","ABERPORTH, UK","2022-01-09","0.13","45","47","42"
"UKM00003502","ABERPORTH, UK","2022-01-10","0.07","48",,"44"
"UKM00003502","ABERPORTH, UK","2022-01-11","0.09","45",,
"UKM00003502","ABERPORTH, UK","2022-01-12","0.01","41","49","35"
"UKM00003502","ABERPORTH, UK","2022-01-13","0.01","39","48",
"UKM00003502","ABERPORTH, UK","2022-01-14","0.01","41","48","35"
"UKM00003502","ABERPORTH, UK","2022-01-15","0.00","42","44","39"
"UKM00003502","ABERPORTH, UK","2022-01-16","0.02","45","47","41"
"UKM00003502","ABERPORTH, UK","2022-01-17","0.02","42","48",
"UKM00003502","ABERPORTH, UK","2022-01-18","0.00","41","46","36"
"UKM00003502","ABERPORTH, UK","2022-01-19","0.01","46","49","38"
"UKM00003502","ABERPORTH, UK","2022-01-20","0.04","42",,
"UKM00003502","ABERPORTH, UK","2022-01-21","0.00","40","44","31"
"UKM00003502","ABERPORTH, UK","2022-01-22","0.00","42","44","40"
"UKM00003502","ABERPORTH, UK","2022-01-23","0.00","40",,
"UKM00003502","ABERPORTH, UK","2022-01-24","0.00","37","38",
"UKM00003502","ABERPORTH, UK","2022-01-25","0.00","40","42","37"
"UKM00003502","ABERPORTH, UK","2022-01-26","0.01","44","48","39"
"UKM00003502","ABERPORTH, UK","2022-01-27","0.06","47","50",
"UKM00003502","ABERPORTH, UK","2022-01-28","0.00","46","51","40"
"UKM00003502","ABERPORTH, UK","2022-01-29","0.01","48","51",
"UKM00003502","ABERPORTH, UK","2022-01-30","0.00","44",,
"UKM00003502","ABERPORTH, UK","2022-01-31","0.00","45",,"44"
"UKM00003502","ABERPORTH, UK","2022-02-01","0.00","49","51","46"
"UKM00003502","ABERPORTH, UK","2022-02-02","0.00","48","50",
"UKM00003502","ABERPORTH, UK","2022-02-03","0.02","48","52","44"
"UKM00003502","ABERPORTH, UK","2022-02-04","0.53","42",,"38"
"UKM00003502","ABERPORTH, UK","2022-02-05","0.00","46","50","41"
"UKM00003502","ABERPORTH, UK","2022-02-06","0.06","47",,
"UKM00003502","ABERPORTH, UK","2022-02-07","0.04","47","53","40"
"UKM00003502","ABERPORTH, UK","2022-02-08","0.00","51",,
"UKM00003502","ABERPORTH, UK","2022-02-09","0.11","46",,
"UKM00003502","ABERPORTH, UK","2022-02-10","0.02","42",,"41"
"UKM00003502","ABERPORTH, UK","2022-02-11","0.00","42","46",
"UKM00003502","ABERPORTH, UK","2022-02-12","0.00","46","49","42"
"UKM00003502","ABERPORTH, UK","2022-02-13","0.32","47","51",
"UKM00003502","ABERPORTH, UK","2022-02-14","0.37","44","46","42"
"UKM00003502","ABERPORTH, UK","2022-02-15","0.10","46",,"38"
"UKM00003502","ABERPORTH, UK","2022-02-16","0.45","52","54","45"
"UKM00003502","ABERPORTH, UK","2022-02-17","0.02","46","49",
"UKM00003502","ABERPORTH, UK","2022-02-18","0.42","43",,
"UKM00003502","ABERPORTH, UK","2022-02-19","0.09","44",,"40"
"UKM00003502","ABERPORTH, UK","2022-02-20","0.25","48","52",
"UKM00003502","ABERPORTH, UK","2022-02-21","0.18","45","49","38"
"UKM00003502","ABERPORTH, UK","2022-02-22","0.01","48","51",
"UKM00003502","ABERPORTH, UK","2022-02-23","0.03","46","50","42"
"UKM00003502","ABERPORTH, UK","2022-02-24","0.19","41",,"39"
"UKM00003502","ABERPORTH, UK","2022-02-25","0.04","44","47",
"UKM00003502","ABERPORTH, UK","2022-02-26","0.00","44","50","39"
"UKM00003502","ABERPORTH, UK","2022-02-27","0.00","45",,
"UKM00003502","ABERPORTH, UK","2022-02-28","0.02","46","50",
"UKM00003502","ABERPORTH, UK","2022-03-01","0.65","43","46","40"
"UKM00003502","ABERPORTH, UK","2022-03-02","0.07","46","50","43"
"UKM00003502","ABERPORTH, UK","2022-03-03","0.12","45",,
"UKM00003502","ABERPORTH, UK","2022-03-04","0.26","43",,
"UKM00003502","ABERPORTH, UK","2022-03-05","0.01","42","45","41"
"UKM00003502","ABERPORTH, UK","2022-03-06","0.00","41","46",
"UKM00003502","ABERPORTH, UK","2022-03-07","0.00","39","47","33"
"UKM00003502","ABERPORTH, UK","2022-03-08","0.00","43","49","37"
"UKM00003502","ABERPORTH, UK","2022-03-09","0.09","47",,"44"
"UKM00003502","ABERPORTH, UK","2022-03-10","0.18","46",,
"UKM00003502","ABERPORTH, UK","2022-03-11","0.02","47","51","42"
"UKM00003502","ABERPORTH, UK","2022-03-12","0.28","45","50","41"
"UKM00003502","ABERPORTH, UK","2022-03-13","0.26","46","52",
"UKM00003502","ABERPORTH, UK","2022-03-14","0.02","43","50","37"
"UKM00003502","ABERPORTH, UK","2022-03-15","0.00","46","54","36"
"UKM00003502","ABERPORTH, UK","2022-03-16","0.00","44",,
"UKM00003502","ABERPORTH, UK","2022-03-17","0.04","45","53","36"
"UKM00003502","ABERPORTH, UK","2022-03-18","0.00","50","60","44"
"UKM00003502","ABERPORTH, UK","2022-03-19","0.00","52","62","44"
"UKM00003502","ABERPORTH, UK","2022-03-20","0.00","46","56","39"
"UKM00003502","ABERPORTH, UK","2022-03-21","0.00","50","61","42"
"UKM00003502","ABERPORTH, UK","2022-03-22","0.00","55","65","49"
"UKM00003502","ABERPORTH, UK","2022-03-23","0.00","53","62","45"
"UKM00003502","ABERPORTH, UK","2022-03-24","0.00","51","59","45"
"UKM00003502","ABERPORTH, UK","2022-03-25","0.00","53","61","47"
"UKM00003502","ABERPORTH, UK","2022-03-26","0.00","54","63","46"
"UKM00003502","ABERPORTH, UK","2022-03-27","0.00","53","62",
"UKM00003502","ABERPORTH, UK","2022-03-28","0.00","49","56","45"
"UKM00003502","ABERPORTH, UK","2022-03-29","0.00","43","46","38"
"UKM00003502","ABERPORTH, UK","2022-03-30","0.01","43","46","38"
"UKM00003502","ABERPORTH, UK","2022-03-31","0.03","39","43","34"
"UKM00003502","ABERPORTH, UK","2022-04-01","0.00","40","44","37"
"UKM00003502","ABERPORTH, UK","2022-04-02","0.10","40","45","36"
"UKM00003502","ABERPORTH, UK","2022-04-03","0.03","41","49","32"
"UKM00003502","ABERPORTH, UK","2022-04-04","0.22","49","52","43"
"UKM00003502","ABERPORTH, UK","2022-04-05","0.13","49","52","47"
"UKM00003502","ABERPORTH, UK","2022-04-06","0.01","49","54",
"UKM00003502","ABERPORTH, UK","2022-04-07","0.15","45","49",
"UKM00003502","ABERPORTH, UK","2022-04-08","0.04","43","48","38"
"UKM00003502","ABERPORTH, UK","2022-04-09","0.03","42","47",
"UKM00003502","ABERPORTH, UK","2022-04-10","0.00","44","53","32"
"UKM00003502","ABERPORTH, UK","2022-04-11","0.00","51","59","46"
"UKM00003502","ABERPORTH, UK","2022-04-12","0.06","51","59","48"
"UKM00003502","ABERPORTH, UK","2022-04-13","0.60","50","55",
"UKM00003502","ABERPORTH, UK","2022-04-14","0.02","52","58","45"
"UKM00003502","ABERPORTH, UK","2022-04-15","0.00","52","57",
"UKM00003502","ABERPORTH, UK","2022-04-16","0.00","53","65","47"
"UKM00003502","ABERPORTH, UK","2022-04-17","0.00","53","62",
"UKM00003502","ABERPORTH, UK","2022-04-18","0.02","46","52","41"
"UKM00003502","ABERPORTH, UK","2022-04-19","0.12","46","51","41"
"UKM00003502","ABERPORTH, UK","2022-04-20","0.01","49","54","44"
"UKM00003502","ABERPORTH, UK","2022-04-21","0.00","54","64","47"
"UKM00003502","ABERPORTH, UK","2022-04-22","0.00","51","59",
"UKM00003502","ABERPORTH, UK","2022-04-23","0.00","50","56","44"
"UKM00003502","ABERPORTH, UK","2022-04-24","0.00","51","58","45"
"UKM00003502","ABERPORTH, UK","2022-04-25","0.00","49","53","42"
"UKM00003502","ABERPORTH, UK","2022-04-26","0.00","49","56","44"
"UKM00003502","ABERPORTH, UK","2022-04-27","0.00","49","55",
"UKM00003502","ABERPORTH, UK","2022-04-28","0.00","46","51","39"
"UKM00003502","ABERPORTH, UK","2022-04-29","0.00","47","53","40"
"UKM00003502","ABERPORTH, UK","2022-04-30","0.00","48","55","40"
"UKM00003502","ABERPORTH, UK","2022-05-01","0.20","49","56",
"UKM00003502","ABERPORTH, UK","2022-05-02","0.01","50","56","45"
"UKM00003502","ABERPORTH, UK","2022-05-03","0.00","51","57",
"UKM00003502","ABERPORTH, UK","2022-05-04","0.00","52","56","47"
"UKM00003502","ABERPORTH, UK","2022-05-05","0.00","51","58","45"
"UKM00003502","ABERPORTH, UK","2022-05-06","0.00","54","59","48"
"UKM00003502","ABERPORTH, UK","2022-05-07","0.15","52","55","49"
"UKM00003502","ABERPORTH, UK","2022-05-08","0.00","57","66","48"
"UKM00003502","ABERPORTH, UK","2022-05-09","0.00","53","60","48"
"UKM00003502","ABERPORTH, UK","2022-05-10","0.09","55","61","51"
"UKM00003502","ABERPORTH, UK","2022-05-11","0.24","53","58",
"UKM00003502","ABERPORTH, UK","2022-05-12","0.50","52","58","46"
"UKM00003502","ABERPORTH, UK","2022-05-13","0.00","54","61","49"
"UKM00003502","ABERPORTH, UK","2022-05-14","0.00","52","58","48"
"UKM00003502","ABERPORTH, UK","2022-05-15","0.00","60","72","51"
"UKM00003502","ABERPORTH, UK","2022-05-16","0.17","58","63",
"UKM00003502","ABERPORTH, UK","2022-05-17","0.06","57","67",
"UKM00003502","ABERPORTH, UK","2022-05-18","0.16","56","65","51"
"UKM00003502","ABERPORTH, UK","2022-05-19","0.02","53","63","46"
"UKM00003502","ABERPORTH, UK","2022-05-20","0.00","55","62","50"
"UKM00003502","ABERPORTH, UK","2022-05-21","0.02","55","63","50"
"UKM00003502","ABERPORTH, UK","2022-05-22","0.00","56","62",
"UKM00003502","ABERPORTH, UK","2022-05-23","0.00","51","55",
"UKM00003502","ABERPORTH, UK","2022-05-24","0.02","52","56","49"
"UKM00003502","ABERPORTH, UK","2022-05-25","0.08","55","60","50"
"UKM00003502","ABERPORTH, UK","2022-05-26","0.01","56","60","52"
"UKM00003502","ABERPORTH, UK","2022-05-27","0.00","52","56",
"UKM00003502","ABERPORTH, UK","2022-05-28","0.00","52","56","48"
"UKM00003502","ABERPORTH, UK","2022-05-29","0.00","53","57","48"
"UKM00003502","ABERPORTH, UK","2022-05-30","0.00","51","55","49"
"UKM00003502","ABERPORTH, UK","2022-05-31","0.00","52","56","48"
"UKM00003502","ABERPORTH, UK","2022-06-01","0.01","52","56","49"
"UKM00003502","ABERPORTH, UK","2022-06-02","0.00","55","65","46"
"UKM00003502","ABERPORTH, UK","2022-06-03","0.00","57","62","53"
"UKM00003502","ABERPORTH, UK","2022-06-04","0.13","57","63",
"UKM00003502","ABERPORTH, UK","2022-06-05","0.23","53","55","50"
"UKM00003502","ABERPORTH, UK","2022-06-06","0.14","54","58","52"
"UKM00003502","ABERPORTH, UK","2022-06-07","0.02","56","64","45"
"UKM00003502","ABERPORTH, UK","2022-06-08","0.02","58","62","54"
"UKM00003502","ABERPORTH, UK","2022-06-09","0.00","57","66","51"
"UKM00003502","ABERPORTH, UK","2022-06-10","0.04","59","66","54"
"UKM00003502","ABERPORTH, UK","2022-06-11","0.00","58","64",
"UKM00003502","ABERPORTH, UK","2022-06-12","0.00","56","62","53"
"UKM00003502","ABERPORTH, UK","2022-06-13","0.00","54","59",
"UKM00003502","ABERPORTH, UK","2022-06-14","0.00","53","60","44"
"UKM00003502","ABERPORTH, UK","2022-06-15","0.00","55","60","48"
"UKM00003502","ABERPORTH, UK","2022-06-16","0.00","58","67","47"
"UKM00003502","ABERPORTH, UK","2022-06-17","0.00","66","79","59"
"UKM00003502","ABERPORTH, UK","2022-06-18","0.04","54",,
"UKM00003502","ABERPORTH, UK","2022-06-19","0.06","54","58","51"
"UKM00003502","ABERPORTH, UK","2022-06-20","0.00","57","61",
"UKM00003502","ABERPORTH, UK","2022-06-21","0.00","58","65","49"
"UKM00003502","ABERPORTH, UK","2022-06-22","0.00","60","65","52"
"UKM00003502","ABERPORTH, UK","2022-06-23","0.00","61","67","55"
"UKM00003502","ABERPORTH, UK","2022-06-24","0.00","58","64",
"UKM00003502","ABERPORTH, UK","2022-06-25","0.06","55","63","50"
"UKM00003502","ABERPORTH, UK","2022-06-26","0.15","54","59","50"
"UKM00003502","ABERPORTH, UK","2022-06-27","0.21","55","62","51"
"UKM00003502","ABERPORTH, UK","2022-06-28","0.00","56","59","53"
"UKM00003502","ABERPORTH, UK","2022-06-29","0.26","57","65","52"
"UKM00003502","ABERPORTH, UK","2022-06-30","0.03","55","60","49"
"UKM00003502","ABERPORTH, UK","2022-07-01","0.00","57","62","54"
"UKM00003502","ABERPORTH, UK","2022-07-02","0.16","56","62",
"UKM00003502","ABERPORTH, UK","2022-07-03","0.00","56","61","50"
"UKM00003502","ABERPORTH, UK","2022-07-04","0.00","57","60",
"UKM00003502","ABERPORTH, UK","2022-07-05","0.00","58","63","55"
"UKM00003502","ABERPORTH, UK","2022-07-06","0.00","60","65","58"
"UKM00003502","ABERPORTH, UK","2022-07-07","0.00","58","62",
"UKM00003502","ABERPORTH, UK","2022-07-08","0.00","58","63","53"
"UKM00003502","ABERPORTH, UK","2022-07-09","0.00","60","65","54"
"UKM00003502","ABERPORTH, UK","2022-07-10","0.01","62","68","53"
"UKM00003502","ABERPORTH, UK","2022-07-11","0.00","71","82","58"
"UKM00003502","ABERPORTH, UK","2022-07-12","0.00","67",,
"UKM00003502","ABERPORTH, UK","2022-07-13","0.00","59",,
"UKM00003502","ABERPORTH, UK","2022-07-14","0.00","58","63",
"UKM00003502","ABERPORTH, UK","2022-07-15","0.00","59","65","51"
"UKM00003502","ABERPORTH, UK","2022-07-16","0.00","62","69","51"
"UKM00003502","ABERPORTH, UK","2022-07-17","0.00","72","85","61"
"UKM00003502","ABERPORTH, UK","2022-07-18","0.00","79","92","63"
"UKM00003502","ABERPORTH, UK","2022-07-19","0.00","75","85",
"UKM00003502","ABERPORTH, UK","2022-07-20","0.06","60",,
"UKM00003502","ABERPORTH, UK","2022-07-21","0.00","59",,"57"
"UKM00003502","ABERPORTH, UK","2022-07-22","0.00","60","63",
"UKM00003502","ABERPORTH, UK","2022-07-23","0.00","61","66","52"
"UKM00003502","ABERPORTH, UK","2022-07-24","0.26","63","67",
"UKM00003502","ABERPORTH, UK","2022-07-25","0.13","59","62","58"
"UKM00003502","ABERPORTH, UK","2022-07-26","0.00","58","61","55"
"UKM00003502","ABERPORTH, UK","2022-07-27","0.00","58","63","48"
"UKM00003502","ABERPORTH, UK","2022-07-28","0.00","59","66","50"
"UKM00003502","ABERPORTH, UK","2022-07-29","0.00","62","69","54"
"UKM00003502","ABERPORTH, UK","2022-07-30","0.00","63","67","60"
"UKM00003502","ABERPORTH, UK","2022-07-31","0.57","60",,
"UKM00003502","ABERPORTH, UK","2022-08-01","0.10","62","72","53"
"UKM00003502","ABERPORTH, UK","2022-08-02","0.05","65","69","62"
"UKM00003502","ABERPORTH, UK","2022-08-03","0.06","64","72","59"
"UKM00003502","ABERPORTH, UK","2022-08-04","0.00","58","62",
"UKM00003502","ABERPORTH, UK","2022-08-05","0.00","58","62","54"
"UKM00003502","ABERPORTH, UK","2022-08-06","0.00","57","64","48"
"UKM00003502","ABERPORTH, UK","2022-08-07","0.00","59","65","50"
